<?xml version="1.0" encoding="UTF-8" standalone="yes"?>
<addon id="repository.fusion" name=" ** [COLOR limegreen]Fusion.org[/COLOR] **[COLORwhite]Repository[/COLOR]" version="1.0" provider-name="Bugatsinho">
	<extension point="xbmc.addon.repository" name="Bugatsinho Repository">
        <info compressed="false">https://raw.githubusercontent.com/bugatsinho/repository.fusion/master/addons.xml</info>
        <checksum>https://raw.githubusercontent.com/bugatsinho/repository.fusion/master/addons.xml.md5</checksum>
        <datadir zip="true">https://raw.githubusercontent.com/bugatsinho/repository.fusion/master/</datadir>
    </extension>
	<extension point="xbmc.addon.metadata">
		<summary>Fusion.org Repository</summary>
		<description></description>
		<platform>all</platform>
	</extension>
</addon>

